product_id,description
77221333,"“Tôi trở lại những việc đầu tiên đã mang tôi đến cuộc hành trình kinh doanh. Đó chính là tình yêu của tôi dành cho ẩm thực, nấu ăn và công việc sáng tạo. Tôi để trái tim dẫn đường và không quan trọng con đường ấy dẫn tôi đến đâu.” Đào Chi Anh từng là cái tên phủ khắp các mặt báo. Cô gái nói được bốn thứ tiếng, xinh đẹp, học tập xuất sắc, food blogger nổi tiếng, ở tuổi 31 đã trở thành CEO của KAfe Group,với số vốn hoạt động 5.5 triệu USD. Lóa mắt bởi thành công và danh hiệu, xa rời đam mê của bản thân, Đào Chi Anh đã không đủ tỉnh táo để bơi giữa bể cá mập khốc liệt: KAfe sụp đổ. Trở về nhà chia sẻ câu chuyện của Chi Anh từ ấu thơ đến khi gây dựng sự nghiệp, đến đỉnh cao và thất bại, đến cách vượt qua cú ngã tìm lại sự yên bình. Trở về nhà, nghĩa là trở về Việt Nam, là coi trọng giá trị gia đình, là thấu hiểu bản thân. Giờ đây cô hài lòng với công việc kinh doanh đồ bếp, làm tư vấn cho các dự án ẩm thực, đồng thời tư vấn dinh dưỡng và rèn luyện sức khỏe cho phụ nữ. Trở về nhà cũng chia sẻ những kinh nghiệm làm việc mà tác giả có được trong môi trường doanh nghiệp, những kỹ năng và thái độ cần thiết để phát triển bản thân, qua đó hy vọng cuốn sách có thể giúp những người trẻ kiến thức nhất định trên con đường sự nghiệp đang rộng mở."
106362420,"Nhà tâm lý học nổi tiếng Carol S. Dweck sau nhiều thập niên nghiên cứu về thành công đã khám phá ra một ý tưởng thực sự mang tính đột phá – sức mạnh tư duy của chúng ta.
Cuốn sách sẽ cho bạn thấy không chỉ khả năng và tài trí mới mang lại thành công cho chúng ta, mà phần lớn do cách tiếp cận mục tiêu bằng lối tư duy nào. Việc tán dương trí thông minh và khả năng của con bạn không hề nuôi dưỡng lòng tự trọng và dẫn đến thành tựu, mà thậm chí còn phương hại đến thành công sau này. Với tư duy đứng đắn, chúng ta có thể tạo động lực cho con cái và giúp chúng phát triển trong trường học, cũng như đạt được mục tiêu của bản thân trong cuộc sống và sự nghiệp. Dweck đã giúp tất cả các bậc cha mẹ, giáo viên, CEO và vận động viên thấy một ý tưởng đơn giản về não bộ có thể tạo ra tình yêu học tập và sự kiên trì – cơ sở cho những thành tựu vĩ đại ở mọi lĩnh vực."
106362101,"Đây là một cuốn sách có nội dung thiết thực, hữu ích. Nó cung cấp cho bạn đọc những tri thức, kỹ năng sống, bài học bổ ích trong lĩnh vực kinh doanh nói riêng và cuộc sống nói chung. Cuốn sách là một cẩm nang không thể bỏ qua đối với những ai đang có ý định lập nghiệp bằng con đường kinh doanh, cũng như những ai đã và đang thành công trên thương trường.
“Năm 1995, tôi tình cờ mua cuốn sách Làm nên. Tôi đã mê mải đọc nó chỉ trong một ngày. Làm nên đã trở thành sách gối đầu giường của tôi thời đó. Tôi đã đọc được ở đây những lời khuyên vô cùng giá trị và hữu ích mà không thể tìm thấy ở bất cứ đâu. Đọc xong nó, tôi tự tin hơn với những suy nghĩ có phần ”lệch lạc“ so với lối suy nghĩ thông thường, so với những gì tôi thường được dạy. Tôi bắt đầu thay đổi cách dùng thời gian rảnh rỗi của mình. Tôi bớt đi cà phê, tụ tập với đám bạn mà tìm kiếm những việc hữu ích cho mình, đó là đọc sách và suy ngẫm, gặp gỡ những người giỏi hơn mình để trò chuyện, trao đổi...”"
106362224,"Tìm hạnh phúc, kiếm triệu đô, sống cuộc đời mơ ước
“Đây là một thế giới mới”, Altucher nói, và những cách thức truyền thống để thành công không còn phù hợp nữa. “Cách duy nhất mà chúng ta có thể trở thành một doanh nhân, nghệ sĩ, nhà cải tiến hay bất cứ điều gì chúng ta muốn để đạt được cuộc sống thành công đó là lựa chọn chính chúng ta cho thành công đó”. Trong một buổi nói chuyện vào năm 2013 với Tạp chí Business Insider, Altucher chia sẻ: “Chúng ta không còn dựa vào các mô hình cũ để tạo ra sự an toàn và thành công mà chúng ta xứng đáng được nhận”.
Cuốn sách này sẽ cung cấp rất nhiều câu chuyện thất bại cũng như thành công của các doanh nhân trên con đường làm giàu. Những ý tưởng của Altucher về việc làm giàu chắc chắn sẽ là thách thức nhưng cũng là cơ hội thay đổi cách suy nghĩ về kế hoạch kinh doanh mà bạn đang theo đuổi."
249876837,"Bằng giọng văn và ngôn ngữ dí dỏm, tác giả chia sẻ với các bạn trẻ nhiều trải nghiệm, bài học và kỹ năng mềm từ khi bước vào giảng đường đại học, đi làm rồi làm sếp. Bạn trẻ thế hệ Y, đặc biệt là thế hệ Z, sẽ tìm thấy được nhiều thứ hữu ích mà đôi khi mình chưa tìm được câu trả lời ở đâu khác, từ việc chọn trường đến kỹ năng làm CV, kỹ năng đi phỏng vấn, kỹ năng đi làm và làm giỏi… Còn thế hệ Y tìm thấy nhiều điều thú vị về cách ứng xử tại nơi làm việc – từ ứng xử với đồng nghiệp, với sếp, đến việc trở thành những người đi làm chuyên nghiệp, rồi làm sếp tốt… – work like a pro!
“Thế nên các bạn ạ, nếu một lúc nào đó các bạn thấy mình tệ quá hoặc chẳng tiến bộ gì cả, đừng bỏ cuộc mà hãy dũng cảm đối đầu với nó. Phân tích tại sao và giải pháp như thế nào. Hãy nói với sếp về cảm giác của mình. Sếp sẽ cho một liều hoặc thuốc đặc trị hoặc thuốc bổ, kiểu gì cũng sẽ khỏe hơn thôi.”
“Bởi không phải vô tình người ta thiết kế ra bốn năm đại học. Có học, dù sao vẫn tốt hơn rất nhiều. Đó, em thấy rồi đó. Kiểu gì em cũng về đích thôi mà. Nên là, vấn đề không phải là em chọn sai ngành mà cách em đối diện với sai lầm này. Và học từ vấp ngã từ khi còn rất trẻ này, cũng là một cách để em trưởng thành nhanh hơn đó.”
Ngoài ra, sách còn có nhiều minh họa hài hước!"
54002545,"Chúng ta lập luận khi tranh luận về những điều khoản trong một văn bản pháp lý, trong một hợp đồng thương mại hay tranh tụng tại tòa án; các đại biểu quốc hội tranh luận khi thông qua hay bác bỏ một đạo luật. Một trong những lý do khiến chúng ta không có nhiều luật sư đủ khả năng tranh tụng tại một tòa án quốc tế, như nhiều người đã nhận xét, là năng lực lập luận còn yếu kém. Tập sách này cung cấp những kiến thức “nền” về lập luận với ví dụ minh họa, dẫn chứng sinh động từ những nguồn ngữ liệu có uy tín, sách chuyên ngành ngôn ngữ nhưng nội dung dễ hiểu, những bạn đọc quan tâm ở mọi trình độ có thể dễ dàng tiếp cận và ứng dụng những kiến thức này vào việc học tập, công việc cũng như trong đời sống. Những kiến thức sách cung cấp có tính ứng dụng cao, tạo thói quen và củng cố tư duy phản biện, đặc biệt hữu ích cho học sinh, sinh viên."
41294602,"Trong một thế giới do dữ liệu thống trị, trực quan hóa chính là ngôn ngữ chung của con người. Trong một thời gian dài, việc trực quan hóa dữ liệu là công việc dành riêng cho các chuyên gia - nhà khoa học dữ liệu và nhà thiết kế chuyên nghiệp. Nhưng giờ đây thì không như vậy. Một thế hệ công cụ mới và số lượng lớn dữ liệu có sẵn giúp mọi người dễ dàng tìm ra các hình ảnh minh họa trực quan truyền đạt ý tưởng hiệu quả hơn nhiều so với bảng tính nói chung. Các biểu đồ, đồ thị, bản đồ, sơ đồ, thậm chí các ảnh động GIF và biểu tượng cảm xúc đều giúp con người hiểu và gắn kết với nhau. Trong cuốn sách Thiết kế biểu đồ ưu việt, Scott Berinato cung cấp một hướng dẫn cần thiết giúp bạn hiểu được cách hoạt động của hình ảnh minh họa trực quan và cách sử dụng ngôn ngữ mới này để tạo ấn tượng và thuyết phục. Cuốn sách này giúp bạn biến các biểu đồ đơn giản, không gây được hứng thú chỉ đơn thuần là truyền đạt thông tin thành những hình ảnh minh họa trực quan thông minh, hiệu quả, truyền đạt ý tưởng một cách mạnh mẽ."
106362692,"William Kamkwamba sinh ra tại Malawi – nơi ma thuật vẫn thống trị còn khoa học là điều bí ẩn. Đây cũng là vùng đất kiệt quệ vì hạn hán và nạn đói. Nhưng William đã được đọc về các guồng gió và mơ ước sẽ dựng được một guồng gió để mang lại cho ngôi làng nhỏ của mình hai thứ xa xỉ mà chỉ 2% dân Malawi được hưởng: điện và nước máy. Xóm giềng nói anh misala (điên rồ), nhưng William không từ bỏ ước mơ. Bằng một chồng sách khoa học từng bị bỏ quên, chút kim loại vụn, các bộ phận dỡ ra từ máy kéo và xe đạp, cùng trí tò mò và lòng quyết tâm dồi dào, anh bắt đầu kế hoạch táo bạo để tạo nên một cỗ máy chẳng giống ai và điều kỳ diệu nho nhỏ sẽ làm thay đổi cuộc sống quanh mình.
Người thu gió là câu chuyện phi thường mà có thực về óc sáng tạo của con người và khả năng vượt qua nghịch cảnh. Đây sẽ là nguồn cảm hứng cho bất cứ ai còn đang nghi ngại sức mạnh của khả năng có trong mỗi cá nhân để làm thay đổi cộng đồng của mình và mang lại cuộc sống tốt đẹp hơn cho những người xung quanh."
106362317,"Nhà tâm lý học nổi tiếng Carol S. Dweck sau nhiều thập niên nghiên cứu về thành công đã khám phá ra một ý tưởng thực sự mang tính đột phá – sức mạnh tư duy của chúng ta.
Cuốn sách sẽ cho bạn thấy không chỉ khả năng và tài trí mới mang lại thành công cho chúng ta, mà phần lớn do cách tiếp cận mục tiêu bằng lối tư duy nào. Việc tán dương trí thông minh và khả năng của con bạn không hề nuôi dưỡng lòng tự trọng và dẫn đến thành tựu, mà thậm chí còn phương hại đến thành công sau này. Với tư duy đứng đắn, chúng ta có thể tạo động lực cho con cái và giúp chúng phát triển trong trường học, cũng như đạt được mục tiêu của bản thân trong cuộc sống và sự nghiệp. Dweck đã giúp tất cả các bậc cha mẹ, giáo viên, CEO và vận động viên thấy một ý tưởng đơn giản về não bộ có thể tạo ra tình yêu học tập và sự kiên trì – cơ sở cho những thành tựu vĩ đại ở mọi lĩnh vực."
106362569,"Cuốn sách là tuyển tập 10 bài viết nhất-định-phải-đọc trên tạp chí Harvard Business Review về chủ đề đổi mới sáng tạo. Chúng tôi vẫn luôn nhận thấy lý do mà các công ty hoạt động lâu năm thất bại trong việc đổi mới là vì những nhà quản lý không có những công cụ tốt giúp họ hiểu về thị trường, xây dựng thương hiệu, tìm kiếm khách hàng, lựa chọn nhận viên, tổ chức đội ngũ và phát triển chiến lược. Cuốn sách này sẽ cung cấp cho bạn đầy đủ những công cụ đó."
106362745,"Hãy khám phá “Thời Đại của Ford” qua cuốn sách Tại sao chúng ta nghèo? - Henry Ford tự truyện: Cuộc đời và sự nghiệp của tôi. Những lời cuối trong cuốn sách về khái niệm “giá trị sử dụng” chính là những lời khuyên mà ông muốn nói, rằng chúng ta đừng quá chú trọng vào việc dành dụm. Ông nói: “Đó không phải là ”để dành“ mỗi khi ta ngăn chính bản thân mình trở nên hữu ích hơn. Khi làm như vậy là tự ta đã lấy đi vốn liếng cuối cùng của mình; lấy đi giá trị của vốn đầu tư của tự nhiên.” Ưu tiên trau dồi khả năng suy nghĩ chính là đầu tư cho chính bạn, là điều luôn đem lại kết quả tốt nhất.Henry Ford là người khởi xướng việc áp dụng dây chuyền lắp ráp công nghiệp để sản xuất sản phẩm với giá cả phải chăng nhất. “Thời Đại của Ford” đã mở ra cuộc cách mạng trong sản xuất công nghiệp trên toàn thế giới và còn ảnh hưởng sâu sắc đến nền văn minh hiện đại. MỤC LỤC:
Lời nói đầu: Ý tưởng là gì?
Chương 1: Khởi nghiệp
Chương 2: Những điều tôi học được từ kinh doanh
Chương 3: Bắt đầu kinh doanh thực sự
Chương 4: Bí quyết của sản xuất và dịch vụ
Chương 5: Bắt đầu sản xuất
Chương 6: Máy móc và con người
Chương 7: Làm việc với máy móc có đáng sợ không?
Chương 8: Vấn đề tiền lương
Chương 9: Tại sao việc kinh doanh không phải lúc nào cũng tốt đẹp?
Chương 10: Sản xuất hàng giá rẻ bằng cách nào?
Chương 11: Tiền bạc và hàng hóa
Chương 12: Đồng tiền: Ông chủ hay đầy tớ?
Chương 13: Tại sao chúng ta lại nghèo?
Chương 14: Máy kéo và cơ giới hóa nông nghiệp
Chương 15: Tại sao lại cần có từ thiện?
Chương 16: Các công ty đường sắt
Chương 17: Vật chất nói chung
Chương 18: Nền dân chủ và công nghiệp
Chương 19: Chúng ta có thể mong đợi điều gì?"
106362184,"Công nghệ kỹ thuật số ngày càng phát triển, loài người đã có những thời điểm đắm mình trong những thành công rực rỡ ấy nhưng rồi một ngày bỗng trở nên sợ hãi trước nguy cơ máy móc và nền tảng sẽ làm chủ cuộc sống của chúng ta.
Trong Máy móc – Nền tảng – Cộng đồng, một cuốn sách lớn, dữ dội nhưng cũng đầy thú vị, hai tác giả đã cung cấp một hướng dẫn những điều cần làm để làm chủ sự chuyển đổi kỹ thuật số trong tương lai của nhân loại. Ngoài việc khéo léo minh họa cách sự tiến bộ phi thường của công nghệ đang định hình lại cuộc sống của chúng ta, Andrew McAfee và Erik Brynjolfsson còn nghiêm túc trả lời những câu hỏi về thách thức và cơ hội vốn có của trí tuệ nhân tạo trong những thập kỷ gần đây, như xe tự lái và máy in 3D, nền tảng trực tuyến để thuê trang phục và lên lịch tập luyện, hoặc nghiên cứu y tế xuất phát từ cộng đồng.
Để có thể chuyển đổi kỹ thuật số một cách hiệu quả, bạn cần trang bị đầy đủ kiến thức về học máy (machine learning) và trí tuệ nhân tạo (AI). McAfee và Brynjolfsson đưa ra bản thiết kế chi tiết để hiểu hơn cách thế giới đang vận hành và tổ chức của bạn làm sao để thích ứng với nó.
Chúng ta phải tích hợp việc tìm hiểu máy móc, nghiên cứu nền tảng ở các sản phẩm và học hỏi để thu hút sức mạnh của cộng đồng. Những phân tích sâu sắc về một thế giới và một bộ công cụ trong cuốn sách giúp cho các nhà hoạch định chính sách tìm ra cách kết hợp các thế mạnh của nhân loại và công nghệ để xây dựng một tương lai tốt đẹp hơn."
106362873,"Bộ não con người có những khả năng tuyệt vời, nhưng nó lại không kèm hướng dẫn sử dụng. Bạn sẽ tìm thấy hướng dẫn sử dụng ấy trong A Mind for Numbers – Cách chinh phục Toán và Khoa học. Dù chỉ là người mới hay đã là chuyên gia, bạn vẫn sẽ tìm thấy những cách mới tuyệt vời để nâng cao kỹ năng và kỹ thuật học tập, đặc biệt trong bộ môn toán và khoa học.
A Mind for Numbers- Cách chinh phục Toán và Khoa học, đưa ra các cách thức giúp học sinh – sinh viên đang gặp rắc rối với môn toán và khoa học biết cách khai mở và sử dụng nguồn tài nguyên vô tận trong chính bộ não của mình, qua đó không chỉ chinh phục thành công bộ môn này mà đồng trời trở nên xuất sắc hơn bao giờ hết. Cuốn sách cũng giúp ích cho những người đã đi làm biết cách sáng tạo và sắp xếp công việc của mình, đồng thời phát triển nó lên một tầm cao mới, thông qua các kỹ thuật tư duy hoàn hảo.
Cuốn sách tập trung trình bày các kỹ thuật cơ bản để sử dụng bộ não hiệu quả, đồng thời phát triển tư duy sâu hơn, có được cách nhìn mới mẻ và sáng tạo hơn. Các nội dung chính được sắp xếp một cách trình tự và logic, giúp người đọc dễ dàng đọc hiểu và thực hành theo.
Các kỹ thuật tư duy sáng tạo như tư duy tập trung và tư duy phân tán, kỹ thuật lập khối thông tin hay đơn giản chỉ là kỹ thuật Pomodoro,… được tác giả trình bày ngắn gọn và rõ ràng, giúp tất cả người đọc hiểu sâu và áp dụng tốt vào học tập, công việc cũng như đời sống thường ngày.
Ngoài ra, không chỉ giới thiệu về cách thức hoạt động của bộ não và mối liên hệ của nó với việc học, người đọc còn được tiếp cận một số quan điểm sai trong học tập dẫn đến việc học không hiệu quả, đồng thời biết thêm nhiều mẹo hữu ích cho việc học và làm bài thi. Đặc biệt, tác giả lựa chọn các ví dụ thực tế từ chính các giáo sư, tiến sĩ, giáo viên và sinh viên để minh chứng cho sự thay đổi khi dựa vào các phương pháp tư duy được đưa ra trong cuốn sách."
106362651,"Richard Branson được biết đến là một ông trùm kinh doanh người Anh, nổi tiếng với thương hiệu Virgin gồm hơn 360 công ty trong mọi lĩnh vực. Ông đã viết nhiều cuốn sách về sự nghiệp và cuộc đời của chính mình.
Người đi tìm bão là sự tiếp nối của cuốn Đường ra biển lớn. Xuyên suốt cuốn sách, chúng ta sẽ thấy được quá trình thành lập và phát triển Tập đoàn Virgin, những khó khăn cũng như những khủng hoảng, thảm họa khủng khiếp tưởng chừng như sẽ phá hủy cả sự nghiệp của Richard mà ông từng phải đối mặt và cách ông xử lý chúng, thậm chí tận dụng chúng để nâng cao danh tiếng và thành công của mình.
Không chỉ vậy, trong cuốn sách này, chúng ta còn biết được về cuộc sống đời thường của “tỷ phú nổi loạn” Richard Branson, về những thành viên trong gia đình ông, về cách ông trở thành một người ông, một người cha và một người chồng tốt hơn như thế nào."
106362310,"Trong phần đầu, tác giả Mike Rohde tóm tắt tổng quan nhanh về sketchnote. Sau đó, ông tiếp tục đưa ra cách hình thành và sắp xếp ý tưởng sketchnote một cách hiệu quả và nhanh chóng, đồng thời đưa ra các phương pháp áp dụng sketchnote vào các linh vực, hoạt động như sketchnote tài liệu, trải nghiệm, phim, chương trình truyền hình… Cuốn sách còn bao gồm các bài tập thực hành ở mỗi phần giúp độc giả có thể trực tiếp luyện tập kỹ năng sketchnote."
273880094,"“Tôi đã nếm trải nhiều thất bại trong hành trình đi qua những tháng ngày của mình. Thế nhưng, mỗi chướng ngại cuối cùng đều lại chính là một bàn đạp đưa tôi gần hơn nữa tới chân lý trong tâm khảm và cuộc đời tốt đẹp nhất của mình.
Cho dù tôi có thu thập được bao nhiêu tài sản vật chất đi chăng nữa thì cái thằng người mà tôi nhìn thấy trong tấm gương phòng tắm mỗi buổi sáng vẫn y nguyên – tôi không hề hạnh phúc hơn và không hề cảm thấy tốt hơn tí nào. Suy ngẫm nhiều hơn về thực trạng cuộc sống của mình, tôi bắt đầu nhận thức được sự trống rỗng ngay trong tim mình. Tôi bắt đầu chú ý đến những tiếng thầm thì lặng lẽ của con tim, những điều chỉ dẫn tôi rời bỏ nghề nghiệp mình đã chọn và bắt đầu quá trình tìm kiếm tâm hồn một cách nghiêm túc. Tôi bắt đầu suy nghĩ về lý do tại sao tôi lại ở đây, trên hành tinh này, và nhiệm vụ cụ thể của tôi là gì. Tôi tự hỏi tại sao cuộc đời mình lại không có tác dụng và cần phải thực hiện những thay đổi sâu sắc nào để giúp mình đi đúng hướng. Tôi xem xét những niềm tin cốt lõi, những giả định, và những lăng kính mà mình nhìn ra thế giới, và tôi tự cam kết làm sạch những lăng kính không lành mạnh.”
“Cuốn sách này là một tác phẩm hư cấu. Đây là câu chuyện về một người đàn ông có tên Jack Valentine mà đường đời có nhiều điểm giống với tôi. Có cảm nhận rất không đầy đủ với tư cách một con người, anh ấy lên kế hoạch tìm kiếm tri thức để sống một cuộc sống hạnh phúc hơn, khoẻ khoắn hơn và đẹp hơn.”
Những “Câu hỏi cuối cùng” là một điều kì lạ mà Jack nghe được từ người bệnh nhân già nằm cùng phòng với anh – ông Cal. Chỉ sau một buổi tối trò chuyện cùng ông, Jack đã nhận thấy những sự thay đổi đang diễn ra trong mình. Và từ đây, chuyến hành trình đến Rome, Hawaii và New York cùng những khám phá mới mẻ mà anh học được từ ba người thầy vĩ đại trong cuộc đời đã giúp anh trả lời được ba câu hỏi mà cha anh – Cal Valentine đã nói trước khi ông qua đời:
– Ta đã SỐNG một cách KHÔN NGOAN chưa?
– Ta đã YÊU THƯƠNG chưa?
– Ta đã CỐNG HIẾN thật nhiều chưa?’
Cuốn sổ mà cha Mike – người thầy đầu tiên ở Rome đưa cho Jack đã đúc kết 10 điều mà anh đã học được trong suốt cuộc hành trình:
1. Công việc chính của mọi con người là công việc nội tâm.
2. Hãy xem cuộc sống của mình như một trường học dạy cách trưởng thành.
3. Hãy thành thật với chính mình – cuộc sống tốt đẹp nhất là cuộc sống chân thật.
4. Hãy nhớ rằng chúng ta thu nhận những gì chúng ta phát ra.
5. Chúng ta nhìn nhận thế giới không như chính nó mà như chúng ta nghĩ.
6. Hãy sống bằng trái tim của ban – tri thức của nó không bao giờ nói dối.
7. Hãy đắm mình trong sự tò mò của cuộc đời bạn.
8. Hãy chăm lo cho chính bạn.
9. Hãy xây dựng những kết nối của con người.
10. Hãy để lại một di sản."
106362858,"Bộ Công Cụ Đổi Mới Doanh Nghiệp là người bạn đồng hành quan trọng đối với mọi nhà cải tiến, nhà lãnh đạo và nhà quản lý của các đội nhóm sáng tạo, giám đốc các công ty – những người muốn thúc đẩy sự tăng trưởng hữu cơ cho doanh nghiệp của mình. Được viết và trình bày dưới dạng một tham chiếu dễ sử dụng, cuốn sách này sẽ giúp độc giả xác định rõ lý do, thời điểm và cách thức áp dụng từng kỹ thuật để tối đa hóa lợi nhuận và kết quả. Hơn 50 kỹ thuật trong cuốn sách được tổ chức xung quanh một khuôn khổ giúp bạn xác định các cơ hội cải tiến, tạo ra ý tưởng đột phá và mới mẻ, lựa chọn những ý tưởng tốt nhất cho những cải tiến trong tương lai cũng như thực hiện những giải pháp mới ưu việt nhằm đáp ứng các kỳ vọng của khách hàng.
Bộ Công Cụ Đổi Mới Doanh Nghiệp còn là trợ thủ đắc lực cho các nhà lãnh đạo, nhà quản lý và chuyên gia cải tiến, giúp họ làm việc hiệu quả hơn – tiếp thêm sự tự tin, tránh mắc phải nguy cơ thất bại đáng kể và phát triển doanh nghiệp bền vững."
316890,"Năm Ngôn ngữ Tình yêu là cuốn sách được biên dịch từ tác phẩm nổi tiếng The Five Love Languages của chuyên gia tâm lý – Tiến sĩ Gary Chapman - cuốn sách luôn nằm trong danh sách những cuốn sách bán chạy nhất thế giới và đã được dịch ra 40 ngôn ngữ. Riêng bản tiếng Anh đã phát hành được trên 5 triệu bản và luôn nằm trong top 100 cuốn sách bán chạy nhất của A Việt Nam là ngôn ngữ thứ 41.
Năm Ngôn ngữ Tình yêu của Gary Chapman sẽ hé mở cho bạn một điều thú vị rằng, mỗi người trong chúng ta đều có một “ngôn ngữ tình yêu” khác nhau. Khi hiểu được sự khác biệt ấy và biết cách sử dụng đúng ngôn ngữ tình yêu của mình, các bạn sẽ xây dựng được một nền tảng vững chắc cho tình yêu và một gia đình hạnh phúc, nơi cả hai đều cảm thấy mình được quan tâm, yêu thương và chia sẻ trong sự ấm áp, nồng nàn của tình yêu.
Để có một đời sống gia đình hạnh phúc bền lâu, cả hai cần dành ra những giờ phút chia sẻ, thảo luận về quan điểm và những điều mình mong muốn từ hành động, lời nói của nhau. Rất có thể, ngôn ngữ yêu thương của bạn và chồng (hoặc vợ bạn) là hoàn toàn khác nhau. Do đó, chúng ta cần sẵn lòng học lấy ngôn ngữ tình yêu của người mình yêu. Và, khi các bạn có thể chia sẻ và thông hiểu nhau nhiều nhất, tình yêu của các bạn sẽ thăng hoa…
Với kinh nghiệm ba mươi năm tư vấn hôn nhân, tác giả đã đúc kết được 5 Ngôn ngữ Tình yêu cơ bản – đó là năm cách để biểu đạt và thấu hiểu cảm xúc trong tình yêu. Tuy nhiên, mức độ áp dụng của mỗi người lại khác nhau. Điều quan trọng nhất cần nhớ là, hãy nói bằng ngôn ngữ tình yêu của người bạn đời chứ không phải của bản thân bạn."
189336445,"Chúng ta thường nghe cũng như đọc nhiều về gương thành công, về những vĩ nhân. Chúng ta thường không thích nói về thất bại, như thể chúng ta đã được “lập trình” để tránh thất bại… Lẽ nào “thất bại” chẳng có chút giá trị nào sao? Quyển sách này đề cập đến một mặt khác của câu chuyện thành công. Đó là một phương diện chúng ta cần thật sự học hỏi. Đối với những ai đã từng cố gắng và từng thất bại, quyển sách này đứng về phía bạn. Dám thất bại, bạn sẽ dễ dàng thành công sau này…
Billi Lim là nhà sáng lập của IHK (Viện Hardknocks – Institute of Hardknocks) và chương trình hội thảo nổi tiếng “Sinh ra để tự do” (“Born to be free”) có tầm ảnh hưởng khá lớn ở khu vực châu Á.
Quyển sách và chương trình hội thảo Dám thất bại  (Dare to Fail ™) của ông được biết đến rất rộng rãi. Hiện nay Dám thất bại đã được dịch ra hơn 10 thứ tiếng và có mặt tại rất nhiều quốc gia. Tham vọng của tác giả là tổ chức dịch cuốn sách ra 22 ngôn ngữ để cả thế giới đều tiếp cận được với nó."
202604311,"Lão Tử là người huyện Khổ, nước Sở, sống trong thời Xuân Thu Chiến Quốc. Tương truyền ông là người viết bộ sách Đạo Đức Kinh, chủ yếu bàn về Đạo học và cách sống để hòa hợp với Đạo. Ở Việt Nam, có rất nhiều nhà nghiên cứu đã dịch và bình chú về cuốn Đạo Đức Kinh của Lão Tử. Nhờ những cách hiểu và khám phá mới mẻ của mỗi nhà nghiên cứu mà nội dung quyển Đạo Đức Kinh ngày càng trở nên phong phú và nhiều màu sắc. Nhà xuất bản Trẻ xin giới thiệu đến quý độc giả hai cuốn sách Lão Tử Đạo Đức Kinh và Lão Tử tinh hoa. Lão Tử Đạo Đức Kinh được học giả Nguyễn Duy Cần dịch trực tiếp từ bản gốc tiếng Trung Quốc, có kèm theo phần chú giải để độc giả tiện theo dõi. Lão Tử tinh hoa là cuốn sách bàn rộng ra về những nội dung cốt lõi của Đạo Đức Kinh. Trân trọng giới thiệu đến quý độc giả cả nước."
275905369,"Cảm xúc là ngôn ngữ giao tiếp, cho phép chúng ta truyền tải những thông điệp sâu sắc mà đôi khi lời nói không thể diễn tả đầy đủ. Hiểu về sức mạnh của cảm xúc là một kỹ năng quan trọng trong cuộc sống hiện đại, giúp bạn xây dựng và duy trì các mối quan hệ chất lượng, tạo tiền đề cho thành công trong tương lai.
“Sức mạnh của ngôn ngữ cảm xúc” là cuốn sách thuộc thể loại khoa học tâm lý, giới thiệu lý thuyết giải thích rằng: Sự phát triển của nhiều biểu hiện cảm xúc đa dạng chính là chìa khóa để con người giao tiếp. Theo thuyết này, những biểu hiện cảm xúc là ngôn ngữ đầu tiên và quan trọng nhất của tự nhiên - ngôn ngữ cho phép chúng ta tham gia vào các cuộc giao tiếp và đàm phán rất phức tạp. Điều này có thể giúp chúng ta giải mã các hành vi của con người.
Theo hai tác giả Changizi và Barber, giao tiếp từng được thực hiện thông qua hành động và cử chỉ, hành động và cử chỉ bây giờ đã được chuyển thành lời nói, tạo tiền đề cho ngôn ngữ xuất hiện. Ngôn ngữ là một phương tiện quan trọng trong đàm phán, nhưng “làm thế nào để chúng ta đàm phán thỏa hiệp mà không cần ngôn ngữ?”. Bằng những dẫn chứng và tài liệu tham khảo thuyết phục, hai tác giả nêu bật được lý do tại sao giao tiếp đã, đang và sẽ tiếp tục bao gồm cả những lần trao đổi không cần đến ngôn từ.
Bên cạnh đó, hai tác giả cũng sử dụng các liên tưởng xã hội và khái niệm khoa học như trò poker, lò xo hay các lý thuyết cổ xưa để giải thích cho các xu hướng hành vi và các biểu hiện cảm xúc mà con người sử dụng trong đối nhân xử thế. “Sức mạnh của ngôn ngữ cảm xúc” là cuốn sách mà ai cũng nên đọc để rèn luyện trí tuệ xúc cảm, đọc vị tâm lý đối phương và giành được lợi thế trong các cuộc đàm phán hay tương tác xã hội."
106362412,"Sau một thời gian dài leo lên đỉnh cao của ngành khách sạn, Chip Conley – Giám đốc Điều hành kiêm người sáng lập của Joie de Vivre Hospitality – đã bị lung lay bởi nền kinh tế suy thoái mạnh. Công ty của ông đột nhiên bị thiếu vốn và đình trệ sau sự kiện 11/9. Trước tình cảnh tuyệt vọng này, Conley đặt niềm tin vào khái niệm mang tính biểu tượng của nhà tâm lý học Abraham Maslow – Tháp Nhu cầu Maslow – về động lực của con người để giúp công việc kinh doanh của ông khởi sắc thêm lần nữa.
Trong Đỉnh cao dẫn dắt doanh nghiệp bằng văn hóa, Conley khám phá cách Joie de Vivre – chủ chuỗi khách sạn lớn thứ hai trên thế giới vượt qua cơn bão tấn công ngành du lịch bằng cách áp dụng các ý tưởng của Maslow vào thực tiễn kinh doanh.
Trong cuốn sách này, Conley cung cấp các ví dụ thực tế như Google, Whole Foods Market, Harley-Davidson và Southwest Airlines, đồng thời chỉ ra cách mọi người có thể mang lại những thay đổi tương tự cho công việc và cuộc sống cá nhân. Cuốn sách tiết lộ điều kỳ diệu về tiềm năng con người và cho thấy điều kỳ diệu có thể xảy ra khi nhân viên phát huy hết khả năng của họ, khách hàng hài lòng với trải nghiệm mà họ nhận được và các nhà đầu tư được thỏa mãn bằng cách tận dụng hợp lý tiềm năng vốn của họ."
92551754,"Định kiến về sự phiền nhiễu của cảm xúc tại nơi làm việc đã cắm rễ quá sâu trong suy nghĩ của hầu hết chúng ta. Trên thực tế, mặc dù năng lực nhận thức thuần túy và năng lực chuyên môn là cần thiết cho công việc, nhưng chính các năng lực trí nhớ cảm xúc mới giúp phân định ra nhà lãnh đạo xuất chúng.
Những nghiên cứu mang tính đột phá về não bộ đã cho thấy sức mạnh của nhà lãnh đạo giàu trí tuệ cảm xúc trong việc truyền cảm hứng, khơi dậy cảm xúc tích cực và nhiệt tình cống hiến nơi nhân viên.
Tạp chí Time nhận xét về nội dung sách: “Cũng như cách mà cuốn sách đầu tiên của Goleman, Emotional Intelligence, mở rộng tầm nhìn của chúng ta về trí thông minh cảm xúc, Lãnh đạo bằng sức mạnh trí tuệ cảm xúc thay đổi gần như hoàn toàn các quan điểm trước nay về một nhà lãnh đạo tài ba.”
Tố chất lãnh đạo không phải tự nhiên mà có, nó là cộng hưởng giữa IQ (Trí tuệ) và EQ (Cảm xúc), việc rèn luyện và có tầm nhìn khám phá bản thân sao cho dung hòa được cả hai yếu tố trên là điều rất cần thiết của các nhà lãnh đạo hiện tại và tương lai.
Việc quản lý con người thông qua cảm xúc và trí tuệ không phải là việc đơn giản mà ai cũng có thể làm được. Tuy nhiên, nếu nhà lãnh đạo có sự cộng hưởng của Trí Tuệ và Cảm Xúc thì mọi khúc mắc, xung đột trong quá trình làm việc cùng nhau sẽ không khó giải quyết.
Ngoài Bốn phong cách đứng đầu gồm Tầm nhìn (visionary), Huấn luyện (coaching), Liên kết (affiliative), Dân chủ (democratic) giúp tạo sự cộng hưởng nhằm nâng cao hiệu suất làm việc, thì hai phong cách lãnh đạo còn lại là Yêu cầu cao độ (paceseting) và Mệnh lệnh (commanding) chỉ hữu ích trong một số trường hợp và nên được áp dụng một cách thận trọng. Đây là Sáu phong cách lãnh đạo, sự cộng hưởng không chỉ bắt nguồn từ tâm lý hay kỹ năng thuyết phục của nhà quản lý, nó còn đến từ việc phối hợp nhuần nhuyễn các phong cách lãnh đạo.
Cả ba tác giả Daniel Goleman, Richard Boyatzis và Anni McKee đều có nhiều năm kinh nghiệm trong việc giảng dạy, nghiên cứu, báo cáo về bộ não, hành vi tổ chức, Tâm lý học và Khoa học, nội dung với lối viết súc tích, các tác giả thể hiện những quá trình phức tạp và có phần trừu tượng một cách dễ hiểu, cuốn hút và khơi gợi cảm hứng nơi bạn đọc – (theo Tạp chí USA Today).
Đã đến lúc chúng ta phải nhìn nhận những lợi ích thiết thực của lãnh đạo bằng Trí Tuệ Cảm Xúc, đồng thời bồi dưỡng năng lực này nơi đội ngũ quản lý nhằm tạo sự cộng hưởng tích cực giúp thúc đẩy và truyền cảm hứng cho toàn doanh nghiệp, tổ chức.
Xây dựng tổ chức trên nền tảng Trí Tuệ Cảm Xúc không chỉ dành riêng cho các nhà lãnh đạo mà nó còn giúp các nhân tố cá nhân có định hướng phát triển sự nghiệp, nâng cao tầm nhìn để trở thành một nhà lãnh đạo tương lai. Những bài học đắt giá cùng kỹ năng thực tế còn giúp các bạn sinh viên chuyên ngành quản lý, quản trị thiết thực hơn, có tầm nhìn lý tưởng, tạo dựng sự thay đổi bền vững nhất."
104268063,"Cuốn sách chia làm bốn phần,mỗi phần lại chia nhỏ thành các mục con, thể hiện các quan điểm của tác giả về những hình thái sẵn có trong tư duy, ưu, nhược điểm và so sánh với hình thái tư duy mới của ông là tư duy đa chiều, cùng với những đặc tính của nó giúp thúc đẩy tiến bộ xã hội, tạo ra kỷ nguyên mới trong văn minh nhân loại.
Giá trị của cuốn sách: “Tôi đúng – Anh sai” đúc kết tinh túy từ những thói quen tư duy truyền thống mà kỷ Phục hưng trước kia đã xác lập. “Tôi đúng – Anh sai” là một bản tốc ký đúc kết những thói quen tư duy góp phần hình thành nên kỷ Phục hưng và về sau được phát triển thêm chính nhờ thời đại này. Công cuộc tìm kiếm chân lý – phân biệt với giáo lý – được thực hiện thông qua việc phơi bày những điều sai với công cụ là tranh luận, lập luận và logic. Lập luận này, chứ không phải giáo lý, là quyết định cái gì đúng, cái gì sai.
Cuốn sách được viết bởi tác giả Edward de Bono, ông vừa là bác sĩ vừa là nhà tâm lý học. Ông được xem là tác giả hàng đầu thế giới về tư duykhái niệm và phát triển loại tư duy này như một kỹ năng. Ông nhận học bổng Rhodes Scholarcho các nghiên cứu quốc tế tại Đại học Oxford và tham gia giảng dạy ở các trường ĐH Oxford, Cambridge, và Harvard. Ông đã viết khoảng20 cuốn sách và sách của ông được dịch ra 20 thứ tiếng khác nhau."
202604408,"Tác giả của những quyển sách bán chạy hàng đầu là Nhà lãnh đạo không chức danh, Đời ngắn đừng ngủ dài, Điều vĩ đại đời thường, Ai sẽ khóc khi bạn lìa xa tiếp tục chia sẻ với bạn đọc những câu nói, nhưng lời khuyên, những câu chuyện đầy cảm hứng để giúp bạn đọc sống trọn vẹn, sống thong dong 365 ngày.
Quyển sách được trình bày theo 365 ngày, mỗi tháng là một nội dung để phát triển bản thân, tìm ý nghĩa cuộc sống; mỗi ngày là những lời truyền cảm hứng để sống trọn vẹn, từng ngày một. Quyển sách sẽ là người bạn, là mỏ neo, để giúp bạn đọc hiểu mình, sống cuộc đời mình mong muốn, theo cách trọn vẹn nhất, thong dong nhất."
106362355,"Nghệ thuật kết nối đỉnh cao trong giao tiếp được đối tên từ cuốn sách Ai cũng giao tiếp nhưng mấy người kết nối.
Giao tiếp thành công không đơn thuần chỉ là truyền đạt thông tin, mà còn phải tạo nên sợi dây kết nối đặc biệt và gieo những cảm xúc tích cực cho người tiếp nhận. Số ít những người kết nối được với mọi người là những người có khả năng lãnh đạo và tạo sức ảnh hưởng lớn lao trong tổ chức của mình.
Trong cuốn sách này, John Maxwell đã tổng kết 5 nguyên tắc nền tảng khi kết nối với mọi người. Từ đó tác giả đưa ra 5 ứng dụng hành động để giúp bạn kết nối thành công - với một người, một nhóm, với khán giả, hay bất kì ai bạn muốn.
“Hãy học cách kết nối để thay đổi cuộc sống của bạn!”"
106362586,"Những quy tắc trong công việc – cuốn sách kinh doanh mang đến những chỉ dẫn cụ thể, đầy đủ, hữu ích nhất đem lại cho bạn một thứ tự do đích thực: tự do trong những nguyên tắc.
Hàng ngày, bạn phải đối mặt với rất nhiều khó khăn trong cuộc sống, trong đó là những khó khăn trong công việc. Bao việc khiến bạn đau đầu: công việc quá tải; sức ép từ cấp trên và cả từ cấp dưới,..đòi hỏi bạn phải biết cách xử lý mối quan hệ với đồng nghiệp, đối tác ra sao; làm sao để cân bằng gia đình và công việc... Tất cả những điều đó khiến bạn cảm thấy như đang chìm trong một mê cung không lối thoát. Bạn quên mất niềm hạnh phúc trong công việc, và đôi khi trớ trêu thay, bạn trở thành nô lệ của chính những việc bạn làm. Những bức tường công sở trở thành những hàng rào thép ngăn cản bạn vươn tới tự do: tự do để sáng tạo, tự do để phát triển, tự do để hít thở cuộc sống. Vậy thì cuốn sách Những quy tắc trong công việc sẽ giải quyết những khủng hoảng đó cho bạn.
Với 10 quy tắc vàng, cuốn sách đem tới cho bạn những kỹ năng đạt được thành công trong công việc. Thông qua đó, bạn sẽ nhận ra:
- Cách thực hiện công việc
- Cách những người khác đánh giá về công việc bạn đang làm
- Những gì bạn sẽ phải làm ngoài công việc của mình
Nằm trong bộ sách cho người thành đạt, Những quy tắc trong công việc là những chỉ dẫn cụ thể để mang lại thành công cá nhân. Hãy đọc, suy ngẫm và nhất là hãy áp dụng những nguyên tắc này vào cuộc sống, bạn sẽ thấy công việc của bạn biến đổi tuyệt diệu thế nào."
202475506,"Một xem xét lại kịp thời và mang tính đột phá mọi thứ chúng ta biết về quyền lực. Tiến sĩ Dacher Keltner, nhà tâm lý học nổi tiếng của Đại học UC Berkeley, lập luận rằng lòng trắc ẩn và vị tha giúp chúng ta ảnh hưởng lên người khác được nhiều nhất và kết quả là quyền lực trở thành năng lực làm điều tốt đẹp cho đời.
Quyền lực có mặt ở khắp mọi lĩnh vực — nhưng hoàn toàn bị hiểu sai. Thay đổi toàn bộ hiểu biết thường tình về quyền lực, tiến sĩ Dacher Keltner trình bày khái niệm quyền lực trong một cách hiểu hoàn toàn mới, không chỉ chứng minh nó là năng lực làm điều tốt đẹp cho đời như thế nào, mà còn bằng cách nào — thông qua lòng trắc ẩn và vị tha — mỗi người và mọi người trong chúng ta đều có thể đạt được quyền lực.
Quyền lực làm băng hoại được xem là chuyện tất nhiên. Quan điểm này được củng cố về mặt văn hóa qua mọi thứ, từ Machiavelli đến chính trị đương đại. Nhưng làm sao chúng ta có được quyền lực? Và quyền lực làm thay đổi hành vi của chúng ta thế nào? Bất chấp những ý định tốt đẹp nhất của mình, chúng ta quá thường đánh mất quyền lực khó khăn lắm mới có được của mình. Quyền lực lâu bền đến từ năng lực thấu cảm và cho đi. Trên hết, quyền lực là do người khác trao cho chúng ta. Đây là điều mà tất cả chúng ta thường quên, và là mấu chốt của nghịch lý quyền lực: do hiểu sai những hành vi đã giúp chúng ta có được quyền lực lúc đầu mà ta khiến cho bản thân mình té ngã từ đỉnh cao quyền lực. Chúng ta lạm dụng và đánh mất quyền lực của mình, trong công việc, trong cuộc sống gia đình, với bạn bè, bởi vì chúng ta chưa bao giờ hiểu đúng về nó — cho đến bây giờ. Quyền lực không phải là khả năng hành động theo những cách độc ác và bất kể; mà là năng lực làm điều tốt cho người khác, được thể hiện trong cuộc sống hằng ngày, và bản thân nó là điều tốt.
Tiến sĩ Keltner vạch ra chính xác — trong hai mươi “Nguyên lý quyền lực” chính — cách để duy trì quyền lực; tại sao quyền lực lại có thể là điều tốt; khi nào chúng ta có khuynh hướng lạm dụng quyền lực; và hậu quả khủng khiếp của việc để những người xung quanh ta mòn mỏi trong tình trạng bất lực yếu thế."
275381514,"Bậc làm cha làm mẹ nào cũng sẽ đôi lần cảm giác mình không thể giao tiếp được với con. Dù là vỗ về, bao bọc, hay là khuyên răn, kỷ luật thì cũng sẽ có lúc bạn cảm thấy khó khăn trong việc gỡ bỏ sự quấy rồi, khó chịu, hay vòi vĩnh ở trẻ. Có những phụ huynh sẽ tặc lưỡi bảo “cha mẹ sinh con, trời sinh tính”, nhưng cũng có những ông bố, bà mẹ không ngừng tìm hiểu để mong mình giao tiếp được với con, mong mình sẽ là người bạn đồng hành, thấu hiểu tâm tư của con trong cả chặng đường con trưởng thành.
“Đôi khi, con trẻ sử dụng những loại ngôn ngữ mà ta không sao hiểu được. Và ngược lại, khi cần nói điều gì đó với con, chúng ta thường cũng khó làm cho chúng hiểu trọn vẹn tình cảm và suy nghĩ của mình”, thực chất không phải con bạn khó bảo, mà là bạn chưa nhận diện được ngôn ngữ yêu thương của con mình để có thể giao tiếp với chúng.
“Mỗi chúng ta đều có một ngôn ngữ yêu thương chính của mình”, và trẻ em cũng không ngoại lệ. Trong cuốn sách “5 ngôn ngữ yêu thương dành cho trẻ em”, các tác giả Gary Chapman và Ross Campbell đã chia sẻ rằng, trẻ em có 5 cách biểu đạt và cảm nhận tình cảm của riêng mình, bao gồm cử chỉ âu yếm, lời động viên, thời gian chia sẻ, quà tặng, và sự tận tụy. Chẳng hạn như câu chuyện cậu bé Josh thích được dành thời gian đi đá bóng cùng cha, hay cô bé Samantha lại vô cùng yêu thích những cử chỉ âu yếm hay cái ôm đến từ mẹ, cho thấy những biểu hiện, mong muốn của trẻ tuy được biểu hiện ra bề ngoài khác nhau, nhưng về bản chất, chúng đều được gọi chung với cái tên “ngôn ngữ yêu thương”.
Mọi đứa trẻ đều cần sự quan tâm từ cha mẹ, dù cho đó là những cô, cậu bé có cá tính độc lập. Những câu hỏi liên tục được đặt ra trong quá trình nuôi nấng một đứa trẻ như “Liệu tình yêu thương vô điều kiện ấy có biến trẻ trở thành đứa trẻ hư và ỷ lại không?”, “Làm thế nào để con cái phát triển lành mạnh và không nghi ngờ về khả năng của bản thân?”, hay “Việc áp dụng kỷ luật cho con liệu có cần thiết không?” tưởng chừng như quá khó để trả lời, nhưng lại hóa đơn giản nhờ vào tác phẩm “5 ngôn ngữ yêu thương dành cho trẻ em”.
11 chương sách chứa đựng những ghi chép và nghiên cứu của các tác giả cùng những kinh nghiệm có được sau nhiều năm hoạt động trong ngành tâm lý đã biến cuốn sách trở thành cuốn cẩm nang, giúp phụ huynh nhận diện và thấu hiểu được ngôn ngữ yêu thương ở trẻ để góp phần làm đầy “khoang tình yêu” - “nơi chứa đựng sức mạnh tình cảm, giúp trẻ vượt qua những thử thách trong thời thơ ấu và niên thiếu”. Những cách biểu đạt tình cảm của cha mẹ không chỉ đáp ứng nhu cầu yêu thương, mà còn góp phần hình thành nên tâm lý và tính cách về sau của con trẻ.
Chương 1: Tình yêu là nền tảng
Chương 2: Ngôn ngữ yêu thương thứ 1: Cử chỉ âu yếm
Chương 3: Ngôn ngữ yêu thương thứ 2: Lời khen ngợi
Chương 4: Ngôn ngữ yêu thương thứ 3: Thời gian chia sẻ
Chương 5: Ngôn ngữ yêu thương thứ 4: Quà tặng
Chương 6: Ngôn ngữ yêu thương thứ 5: Sự tận tụy
Chương 7: Cách phát hiện ngôn ngữ yêu thương cơ bản của trẻ
Chương 8: Kỷ luật và các ngôn ngữ yêu thương
Chương 9: Việc học của trẻ và các ngôn ngữ yêu thương
Chương 10: Sự giận dữ và tình yêu
Chương 11: Sử dụng ngôn ngữ yêu thương trong hôn nhân
Với giọng văn gần gũi, lồng ghép các bài học hết sức tài tình, độc đáo, cùng với việc kết hợp những câu chuyện đời thường, đặc biệt là hướng dẫn cha mẹ quan sát vấn đề dưới góc nhìn của con trẻ một cách khách quan và gần gũi, “5 ngôn ngữ yêu thương dành cho trẻ em” đã hỗ trợ các bậc phụ huynh rất nhiều trong việc nắm bắt tâm lý của con cái. Cũng như giúp họ hiểu rằng: tình thương và những sự khích lệ cha mẹ dành cho con cái không nên liên quan đến việc con mình được điểm A trên lớp, hay lỡ tay làm vỡ bộ cốc mới mua. Bởi một thứ tình cảm vô giá thì phải được vun đắp bằng một tình thương vô điều kiện."
127032166,"Chúng ta lập luận khi tranh luận về những điều khoản trong một văn bản pháp lý, trong một hợp đồng thương mại hay tranh tụng tại tòa án; các đại biểu quốc hội tranh luận khi thông qua hay bác bỏ một đạo luật. Một trong những lý do khiến chúng ta không có nhiều luật sư đủ khả năng tranh tụng tại một tòa án quốc tế, như nhiều người đã nhận xét, là năng lực lập luận còn yếu kém. Tập sách này cung cấp những kiến thức “nền” về lập luận với ví dụ minh họa, dẫn chứng sinh động từ những nguồn ngữ liệu có uy tín, sách chuyên ngành ngôn ngữ nhưng nội dung dễ hiểu, những bạn đọc quan tâm ở mọi trình độ có thể dễ dàng tiếp cận và ứng dụng những kiến thức này vào việc học tập, công việc cũng như trong đời sống. Những kiến thức sách cung cấp có tính ứng dụng cao, tạo thói quen và củng cố tư duy phản biện, đặc biệt hữu ích cho học sinh, sinh viên."
202604333,"Phân phối tài sản là một trong những vấn đề gây nhiều tranh cãi và được thảo luận rộng rãi nhất thời nay. Nhưng thật ra, ta biết gì về quá trình tiến hóa của phân phối tài sản trong dài hạn? Liệu sự tích lũy tư bản tư nhân có nhất thiết dẫn đến sự tập trung tài sản vào tay một nhóm ngày càng nhỏ, như niềm tin của Karl Marx hồi thế kỷ 19? Hay là các áp lực cân bằng giữa tăng trưởng, cạnh tranh và tiến bộ công nghệ sẽ dẫn đến giảm bất bình đẳng và tăng tính đại đồng giữa các tầng lớp xã hội, như tư tưởng của Simon Kuznets thế kỷ 20? Thật ra, ta biết gì về quá trình tiến hóa của tài sản và thu nhập từ thế kỷ 18, và ta rút ra những bài học gì từ những hiểu biết đó cho thời đại ngày nay? Đây là những câu hỏi mà tác giả cố gắng trả lời trong quyển sách này. Những câu trả lời ở đây không hoàn hảo và chưa hoàn chỉnh, nhưng chúng dựa trên những dữ liệu lịch sử và so sánh rộng lớn hơn nhiều so với những dữ liệu của các nhà nghiên cứu trước đây. Dữ liệu trong nghiên cứu này bao trùm ba thế kỷ và hơn 20 quốc gia, cũng như dựa trên một khung lý thuyết mới, qua đó giúp chúng ta tìm hiểu sâu xa hơn về những cơ chế vận động căn bản của tài sản và thu nhập."
77222080,"Đắc nhân tâm, nghĩa là sống sao cho đẹp lòng người, nhằm tạo dựng một cuộc sống an vui trong đời tư, thiện chí và đầy tinh thần hợp tác trong công việc. Lẽ thường sẽ chẳng bao giờ có một chiếc chìa khóa vạn năng mở ra mọi thành công. Bạn phải thông minh, đắc lực, nhiệt huyết và dấn thân. Nhưng Dale Carnegie sẽ nói rằng còn một điều cốt yếu nữa mà ta phải học: kỹ năng thu phục lòng người.
Được xuất bản lần đầu tiên cách nay ngót gần một trăm năm, được dịch ra nhiều ngôn ngữ trên thế giới, với vài chục triệu bản được bán ra, Đắc nhân tâm của Dale Carnegie luôn được đón nhận nồng nhiệt ở nhiều quốc gia, đã giúp hàng triệu người gặt hái được thành công trong cuộc sống. Bản thân Warren Buffett, nhà đầu tư huyền thoại người Mỹ, đã đọc Đắc nhân tâm ngay từ thuở thiếu niên và tấm bằng duy nhất được treo trong phòng làm việc của Buffett chính là chứng chỉ từ khóa đào tạo của Dale Carnegie. Tất cả như đều minh chứng cho sức hấp dẫn phổ biến và giá trị cốt lõi của Đắc nhân tâm, một hiện tượng xuất bản có sức sống bền lâu hơn những trào lưu thời thượng chóng tàn.
Đọc Đắc nhân tâm, nghiền ngẫm những mẩu chuyện thường nhật do chính Dale Carnegie hay các học viên của ông kể lại, hoặc những bài học rút ra từ trong sử sách mà ông dày công sưu tầm, ta chợt nhận ra một điều giản dị rằng nghệ thuật đối nhân xử thế chính là mảnh ghép cuối cùng để làm nên một công thức thành công mỹ mãn, bằng sự bình tâm suy xét, chỉnh đốn bản thân, bằng sức mạnh của lòng chân thành và sự cảm thông."
92010647,"Bí mật của tài năng là gì? Chúng ta có thể khám phá nó ra sao? Trong cuốn sách đi sâu nghiên cứu này, nhà báo – tác giả có sách bán chạy nhất theo bình chọn của Thời báo New York – Daniel Coyle sẽ cung cấp cho các bậc phụ huynh, giáo viên, huấn luyện viên, doanh nhân – và mọi người khác nữa – các công cụ để có thể tận dụng tối đa các tiềm năng của chính bản thân và mọi người.
Dù bạn đang huấn luyện cho một đội bòng bầu dục hay dạy một đứa trẻ chơi đàn piano, viết tiểu thuyết hay cố gắng cải thiện cú vung gậy trong môn bóng chày thì cuốn sách mang tính cách mạng này sẽ chỉ cho bạn biết cách nuôi dưỡng và phát triển tài năng thông qua việc khai thác và sử dụng một cơ chế mới được khám phá của não bộ.
Dựa trên những thành tựu xuất sắc của ngành thần kinh học và nghiên cứu mới nhất trong quá trình đi tới 9 địa chỉ sản sinh ra rất nhiều tài năng của thế giới – từ sân bóng chày ở vùng Ca-ri-bê đến học viện âm nhạc cổ điển phía bắc New York – Coyle đã chỉ ra 3 yếu tố then chốt cho phép bạn phát triển tài năng và tối ưu hóa khả năng của mình trong các lĩnh vực thể thao, nghệ thuật, âm nhạc, toán học hay bất kỳ điều gì khác."
106362827,"Bí mật của tài năng là gì? Chúng ta có thể khám phá nó ra sao? Trong cuốn sách đi sâu nghiên cứu này, nhà báo – tác giả có sách bán chạy nhất theo bình chọn của Thời báo New York – Daniel Coyle sẽ cung cấp cho các bậc phụ huynh, giáo viên, huấn luyện viên, doanh nhân – và mọi người khác nữa – các công cụ để có thể tận dụng tối đa các tiềm năng của chính bản thân và mọi người.
Dù bạn đang huấn luyện cho một đội bòng bầu dục hay dạy một đứa trẻ chơi đàn piano, viết tiểu thuyết hay cố gắng cải thiện cú vung gậy trong môn bóng chày thì cuốn sách mang tính cách mạng này sẽ chỉ cho bạn biết cách nuôi dưỡng và phát triển tài năng thông qua việc khai thác và sử dụng một cơ chế mới được khám phá của não bộ.
Dựa trên những thành tựu xuất sắc của ngành thần kinh học và nghiên cứu mới nhất trong quá trình đi tới 9 địa chỉ sản sinh ra rất nhiều tài năng của thế giới – từ sân bóng chày ở vùng Ca-ri-bê đến học viện âm nhạc cổ điển phía bắc New York – Coyle đã chỉ ra 3 yếu tố then chốt cho phép bạn phát triển tài năng và tối ưu hóa khả năng của mình trong các lĩnh vực thể thao, nghệ thuật, âm nhạc, toán học hay bất kỳ điều gì khác."
275365185,"Chuyện giải buồn của Huỳnh Tịnh Của chủ yếu là những câu chuyện nhẹ nhàng, ý nhị được chuyển thể từ những chuyện chữ Hán hoặc các chuyện xảy ra tại thời điểm của tác giả. Những câu chuyện dùng làm các bài học khuyên đời, những đúc kết về luật nhân quả khi con người sống ở đời, những bài học trong chuyện giải buồn thường đúc kết ở đoạn văn cuối hay câu văn cuối.
Chuyện giải buồn được viết với ngôn ngữ bình dân để phù hợp với dân trí và nhận thức của người dân Nam bộ cuối thế kỷ 19. Nhưng Chuyện giải buồn của Huỳnh Tịnh Của không phải là chuyện mua vui. Người đọc chúng ta ngày nay sẽ không thấy ở Chuyện giải buồn những câu chuyện mua vui theo kiểu chuyện tiếu lâm trào phúng như cách ngày này chúng ta cảm nhận về thể loại chuyện cười."
106362537,"Những năm gần đây cụm từ “khởi nghiệp”, “gọi vốn” dần trở nên quen thuộc và là đề tài rất hấp dẫn giới trẻ – nhất là các sinh viên đang ngồi trên ghế giảng đường. Tinh thần, đam mê khởi nghiệp len lỏi trên từng góc phố và trong nhà trường. “Startup” là từ khóa rất “nóng” cùng với các chương trình đầu tư, so tài, rầm rộ như Shark Tank trên truyền hình, các cuộc thi khởi nghiệp và tham gia tranh tài quốc tế như Startup World Cup, Startup Wheel, Startup Viet, HulzPrize, Get in the Ring... khiến giới trẻ như ngồi trên đống lửa.
Để có thể khởi nghiệp đúng đắn và thành công, chúng ta cần phải được trang bị rất nhiều kỹ năng, kiến thức và kinh nghiệm. Tôi cho rằng kinh doanh là một nghề rất khó, một con đường chông gai không hề rải hoa hồng. Người làm kinh doanh cần có kiến thức rộng, phải học nhiều thứ, từ môi trường, kinh tế, chính trị đến xã hội chứ không chỉ là nền tảng kiến thức quản trị và sản phẩm chiến lược (nếu may mắn bạn đã có cả hai thứ này), đặc biệt là khởi nghiệp theo mô hình kinh doanh sáng tạo và ứng dụng công nghệ tạo đột phá song hành với từ “startup” mà thế giới đã định tên.
Thực tế trên về tình hình Startup tại Việt Nam đã khiến tác giả trăn trở, và viết nên cuốn Chat với Starups No1 - TỪ Ý TƯỞNG ĐẾN GỌI VỐN THÀNH CÔNG để chia sẻ bài bản, kỹ càng những kiến thức và kinh nghiệm chị chắt lọc trong hoạt động kinh doanh hơn 20 năm qua trong vai trò là giám đốc phát triển kinh doanh cấp cao, giám đốc quốc gia của các tập đoàn đa quốc gia tại Việt Nam, cố vấn nhiều dự án khởi nghiệp, chia sẻ những yêu cầu cần có của một dự án khởi nghiệp đổi mới sáng tạo với góc nhìn của một nhà đầu tư thiên thần.
Cuốn sách hữu ích với những ai muốn khởi nghiệp kinh doanh một cách nghiêm túc; cho các bạn trẻ đã và đang khởi nghiệp gặp khó khăn không biết phải giải quyết từ đâu; cho những bạn đang ngấp nghé muốn dấn thân khởi nghiệp, để sau khi đọc xong ngẫm lại, có thể bạn sẽ sắp xếp được cho mình cho một kế hoạch hành động đúng đắn hơn, một dự án nghiêm túc hơn, hoặc sẽ khởi sự nghề nghiệp ở một lộ trình khác đúng với sở trường và khắc phục sở đoản, hơn là dấn thân vào con đường kinh doanh đầy chông gai, thậm chí không thấy lối ra cho cuộc đời mình.
Cuốn sách điểm lại những vấn đề mà các chủ dự án khởi nghiệp cần lưu ý khi muốn dấn thân vào hành trình khởi nghiệp, từ việc nhận diện những vấn đề của thị trường, thiết kế sản phẩm, giải pháp; giải quyết được nỗi đau của thị trường, giúp cộng đồng có được những trải nghiệm mới thông qua việc nghiên cứu khoa học, ứng dụng công nghệ cao trong thiết kế sản phẩm, bắt kịp xu thế công nghệ đang phát triển từng giây từng phút trên thế giới.
Tác giả chọn lối viết thuần khiết dễ đọc, dễ học, không quá học thuật với những ví dụ thực tế điển hình minh họa cho lý thuyết để người đọc dễ hiểu, dễ áp dụng nhất có thể."
